-- ──────────────────────────────────────────────────────────
-- B13 WaterQualityMfdsHandler sample DDL + data
-- target: opn.waterQualityMfdsInfo (food/drug regular water inspection)
-- source: TM_GD110350 (main) + TM_GD110351 (results) + TM_GD010910 (users)
--         helper: TM_GD110310 (existing) + TC_GD00002 (existing, NGW_0026)
--
-- v3 mapping:
--   TM_GD70201 -> TM_GD110350 (17 cols: WQ_INSP_SN/UGWTR_EXMN_CD/CONM_NM/CTPV_NM/...)
--   TM_GD70202 -> TM_GD110351 (4 cols: SN/WQ_INSP_SN/WQ_INSP_ARTCL_CD/RSLT_VL)
--   TM_GD20910 -> TM_GD010910 (USER_ID/USER_NM ...)
--
-- Scenario:
--   JOSACODE=104 (existing in TM_GD110310 with year=2024, codes 0001/0002/0009/9999)
--   5 inspections (REQUST_DE 20240115/0220/0320/0420/0520 -> Q1 x3, Q2 x2)
--   results matched to existing inspection codes
--   2 users (admin, inspector1)
--
-- Expected (josacode=104, year=2024, odr=1): 3 rows x 23 cols (19 fixed + 4 dynamic)
--
-- Idempotent: DROP+CREATE for new tables, DELETE+INSERT for existing
-- ──────────────────────────────────────────────────────────

-- 1. TM_GD110350 (drop+create)
BEGIN
  EXECUTE IMMEDIATE 'DROP TABLE TM_GD110350 CASCADE CONSTRAINTS';
EXCEPTION WHEN OTHERS THEN IF SQLCODE != -942 THEN RAISE; END IF;
END;
/

CREATE TABLE TM_GD110350 (
  WQ_INSP_SN          NUMBER(10)   NOT NULL,
  UGWTR_EXMN_CD       NUMBER       NOT NULL,
  ORGWT_CLSF_CD       CHAR(1),
  CONM_NM             VARCHAR2(200),
  CTPV_NM             VARCHAR2(40),
  SGG_NM              VARCHAR2(30),
  EMD_NM              VARCHAR2(30),
  LI_NM               VARCHAR2(40),
  APLCNT_ADDR         VARCHAR2(250),
  GWEL_ADDR           VARCHAR2(250),
  UGWTR_USG_CD        CHAR(2),
  RSLT_NTFCTN_YMD     VARCHAR2(8),
  WQ_INSP_YMD         VARCHAR2(8),
  DMND_YMD            VARCHAR2(8),
  WQ_CRTR_USG_CD      CHAR(2),
  WQ_INSP_RSLT_CD     CHAR(1),
  WQ_INSP_ETC_CN      VARCHAR2(100),
  WQ_INSP_PRPS_CN     VARCHAR2(100),
  LCLGV_CD            VARCHAR2(7),
  PRMSN_DCLR_NO       VARCHAR2(30),
  RGTR_ID             VARCHAR2(50),
  RMRK                VARCHAR2(500),
  FRST_REG_DT         TIMESTAMP(6),
  LAST_CHG_DT         TIMESTAMP(6),
  CONSTRAINT PK_TM_GD110350 PRIMARY KEY (WQ_INSP_SN)
);

-- 2. TM_GD110351 (drop+create)
BEGIN
  EXECUTE IMMEDIATE 'DROP TABLE TM_GD110351 CASCADE CONSTRAINTS';
EXCEPTION WHEN OTHERS THEN IF SQLCODE != -942 THEN RAISE; END IF;
END;
/

CREATE TABLE TM_GD110351 (
  SN                  NUMBER(22)   NOT NULL,
  WQ_INSP_SN          NUMBER(10)   NOT NULL,
  WQ_INSP_ARTCL_CD    CHAR(4)      NOT NULL,
  RSLT_VL             VARCHAR2(20),
  CONSTRAINT PK_TM_GD110351 PRIMARY KEY (SN)
);

-- 3. TM_GD010910 (drop+create)
BEGIN
  EXECUTE IMMEDIATE 'DROP TABLE TM_GD010910 CASCADE CONSTRAINTS';
EXCEPTION WHEN OTHERS THEN IF SQLCODE != -942 THEN RAISE; END IF;
END;
/

CREATE TABLE TM_GD010910 (
  SN                  NUMBER(22)   NOT NULL,
  USER_CD             VARCHAR2(32) NOT NULL,
  USER_ID             VARCHAR2(20),
  USER_NM             VARCHAR2(20) NOT NULL,
  USER_PSWD           VARCHAR2(100),
  EML_CN              VARCHAR2(100),
  UGWTR_USER_CLSF_CD  CHAR(2)      NOT NULL,
  CONSTRAINT PK_TM_GD010910 PRIMARY KEY (SN)
);

-- 4. Sample data — Users
INSERT INTO TM_GD010910 (SN, USER_CD, USER_ID, USER_NM, UGWTR_USER_CLSF_CD)
VALUES (1, 'U-ADMIN-01',     'admin',      'Administrator', '01');
INSERT INTO TM_GD010910 (SN, USER_CD, USER_ID, USER_NM, UGWTR_USER_CLSF_CD)
VALUES (2, 'U-INSPECTOR-01', 'inspector1', 'Inspector One', '02');

-- 5. Sample data — Inspections (JOSACODE=104, year=2024, Q1 x3 + Q2 x2)
INSERT INTO TM_GD110350 (WQ_INSP_SN, UGWTR_EXMN_CD, ORGWT_CLSF_CD, CONM_NM, CTPV_NM, SGG_NM, EMD_NM, LI_NM, GWEL_ADDR, UGWTR_USG_CD, DMND_YMD, RSLT_NTFCTN_YMD, WQ_INSP_YMD, WQ_CRTR_USG_CD, WQ_INSP_RSLT_CD, WQ_INSP_ETC_CN, WQ_INSP_PRPS_CN, PRMSN_DCLR_NO, RGTR_ID)
VALUES (501, 104, '1', 'Sample Cafe',     'DAEJEON',  'Yuseong-gu', 'Bansok',  '',         '305 Bansok-ro',     '01', '20240115', '20240125', '20240120', '01', '1', '',         'Regular',  'PMS-2024-0501', 'admin');
INSERT INTO TM_GD110350 (WQ_INSP_SN, UGWTR_EXMN_CD, ORGWT_CLSF_CD, CONM_NM, CTPV_NM, SGG_NM, EMD_NM, LI_NM, GWEL_ADDR, UGWTR_USG_CD, DMND_YMD, RSLT_NTFCTN_YMD, WQ_INSP_YMD, WQ_CRTR_USG_CD, WQ_INSP_RSLT_CD, WQ_INSP_ETC_CN, WQ_INSP_PRPS_CN, PRMSN_DCLR_NO, RGTR_ID)
VALUES (502, 104, '1', 'Sample Bakery',   'DAEJEON',  'Jung-gu',    'Sasong',  '',         '12 Sasong-ro',      '01', '20240220', '20240301', '20240225', '01', '1', '',         'Regular',  'PMS-2024-0502', 'admin');
INSERT INTO TM_GD110350 (WQ_INSP_SN, UGWTR_EXMN_CD, ORGWT_CLSF_CD, CONM_NM, CTPV_NM, SGG_NM, EMD_NM, LI_NM, GWEL_ADDR, UGWTR_USG_CD, DMND_YMD, RSLT_NTFCTN_YMD, WQ_INSP_YMD, WQ_CRTR_USG_CD, WQ_INSP_RSLT_CD, WQ_INSP_ETC_CN, WQ_INSP_PRPS_CN, PRMSN_DCLR_NO, RGTR_ID)
VALUES (503, 104, '2', 'Sample Factory',  'GYEONGGI', 'Suwon-si',   'Yeongtong','',        '88 Yeongtong-ro',   '02', '20240320', '20240328', '20240322', '01', '2', 'reinspect','Regular',  'PMS-2024-0503', 'inspector1');
INSERT INTO TM_GD110350 (WQ_INSP_SN, UGWTR_EXMN_CD, ORGWT_CLSF_CD, CONM_NM, CTPV_NM, SGG_NM, EMD_NM, LI_NM, GWEL_ADDR, UGWTR_USG_CD, DMND_YMD, RSLT_NTFCTN_YMD, WQ_INSP_YMD, WQ_CRTR_USG_CD, WQ_INSP_RSLT_CD, WQ_INSP_ETC_CN, WQ_INSP_PRPS_CN, PRMSN_DCLR_NO, RGTR_ID)
VALUES (504, 104, '1', 'Sample Restaurant','SEOUL',   'Gangnam-gu', 'Yeoksam', '',         '210 Teheran-ro',    '01', '20240420', '20240429', '20240423', '01', '1', '',         'Regular',  'PMS-2024-0504', 'admin');
INSERT INTO TM_GD110350 (WQ_INSP_SN, UGWTR_EXMN_CD, ORGWT_CLSF_CD, CONM_NM, CTPV_NM, SGG_NM, EMD_NM, LI_NM, GWEL_ADDR, UGWTR_USG_CD, DMND_YMD, RSLT_NTFCTN_YMD, WQ_INSP_YMD, WQ_CRTR_USG_CD, WQ_INSP_RSLT_CD, WQ_INSP_ETC_CN, WQ_INSP_PRPS_CN, PRMSN_DCLR_NO, RGTR_ID)
VALUES (505, 104, '1', 'Sample Hotel',    'GYEONGGI', 'Goyang-si',  'Hwajeong','',         '7 Hwajeong-ro',     '01', '20240520', '20240530', '20240524', '01', '1', '',         'Regular',  'PMS-2024-0505', 'inspector1');

-- 6. Sample data — Inspection results (TM_GD110351)
--    Q1 inspections (501/502/503) get full 3 codes (0001/0002/0009)
--    Q2 inspections (504/505) get partial (0001/0002 only) -> exposes NULL pivot cells
INSERT INTO TM_GD110351 (SN, WQ_INSP_SN, WQ_INSP_ARTCL_CD, RSLT_VL) VALUES (5011, 501, '0001', '12');
INSERT INTO TM_GD110351 (SN, WQ_INSP_SN, WQ_INSP_ARTCL_CD, RSLT_VL) VALUES (5012, 501, '0002', '0');
INSERT INTO TM_GD110351 (SN, WQ_INSP_SN, WQ_INSP_ARTCL_CD, RSLT_VL) VALUES (5013, 501, '0009', '7.2');
INSERT INTO TM_GD110351 (SN, WQ_INSP_SN, WQ_INSP_ARTCL_CD, RSLT_VL) VALUES (5021, 502, '0001', '45');
INSERT INTO TM_GD110351 (SN, WQ_INSP_SN, WQ_INSP_ARTCL_CD, RSLT_VL) VALUES (5022, 502, '0002', '0');
INSERT INTO TM_GD110351 (SN, WQ_INSP_SN, WQ_INSP_ARTCL_CD, RSLT_VL) VALUES (5023, 502, '0009', '6.9');
INSERT INTO TM_GD110351 (SN, WQ_INSP_SN, WQ_INSP_ARTCL_CD, RSLT_VL) VALUES (5031, 503, '0001', '180');
INSERT INTO TM_GD110351 (SN, WQ_INSP_SN, WQ_INSP_ARTCL_CD, RSLT_VL) VALUES (5032, 503, '0002', '3');
INSERT INTO TM_GD110351 (SN, WQ_INSP_SN, WQ_INSP_ARTCL_CD, RSLT_VL) VALUES (5033, 503, '0009', '8.1');
INSERT INTO TM_GD110351 (SN, WQ_INSP_SN, WQ_INSP_ARTCL_CD, RSLT_VL) VALUES (5041, 504, '0001', '8');
INSERT INTO TM_GD110351 (SN, WQ_INSP_SN, WQ_INSP_ARTCL_CD, RSLT_VL) VALUES (5042, 504, '0002', '0');
INSERT INTO TM_GD110351 (SN, WQ_INSP_SN, WQ_INSP_ARTCL_CD, RSLT_VL) VALUES (5051, 505, '0001', '15');
INSERT INTO TM_GD110351 (SN, WQ_INSP_SN, WQ_INSP_ARTCL_CD, RSLT_VL) VALUES (5052, 505, '0002', '0');

COMMIT;

-- 7. Verify
PROMPT === Inspections (5) ===
SELECT WQ_INSP_SN, UGWTR_EXMN_CD, CONM_NM, DMND_YMD,
       SUBSTR(DMND_YMD,1,4) AS YR,
       CASE WHEN TO_NUMBER(SUBSTR(DMND_YMD,5,2)) BETWEEN 1 AND 3 THEN 1
            WHEN TO_NUMBER(SUBSTR(DMND_YMD,5,2)) BETWEEN 4 AND 6 THEN 2
            WHEN TO_NUMBER(SUBSTR(DMND_YMD,5,2)) BETWEEN 7 AND 9 THEN 3
            ELSE 4 END AS ODR
FROM   TM_GD110350 WHERE UGWTR_EXMN_CD = 104 ORDER BY WQ_INSP_SN;

PROMPT === Results (13) ===
SELECT WQ_INSP_SN, WQ_INSP_ARTCL_CD, RSLT_VL FROM TM_GD110351 ORDER BY WQ_INSP_SN, WQ_INSP_ARTCL_CD;

PROMPT === Users (2) ===
SELECT SN, USER_ID, USER_NM FROM TM_GD010910 ORDER BY SN;

PROMPT === Inspection helper preview (TM_GD110310 + TC_GD00002 NGW_0026) ===
SELECT A.JOSACODE, A.DTA_STDR_YEAR, A.QLTWTR_INSPCT_IEM_CODE,
       NVL(B.CD_CN, '(none)') AS CODE_NAME
FROM   TM_GD110310 A
LEFT   JOIN (SELECT * FROM TC_GD00002 WHERE GROUP_CD_SN = 'NGW_0026') B
ON     A.QLTWTR_INSPCT_IEM_CODE = TRIM(B.UGWTR_COM_CD)
WHERE  A.JOSACODE = 104 AND A.DTA_STDR_YEAR = '2024'
ORDER BY A.QLTWTR_INSPCT_IEM_CODE;
